0	location - 2 , location - 1	None
1006	but then again a cold wet afternoon in location - 1 or location - 2 can also be amazing	None
1009	dependent on where you are but there are two options to me : - location - 1 ( location - 2 ) a lovely green area with a great view of london	None
1015	location - 1 is a bit like location - 2 , or i guess most other london suburbs	None
1018	just keep your wits about you , bad people are everywhere i think you ' ll find location - 1 has a lot more crimes than location - 2	None
1038	have a look at this link and you ' ll see what i ' m talking about : most younger people like to live nearer the london , so in zones 2 or 3 . if you live in a not so nice area of zone 2 ( eg location - 2 ) you could rent a decent 2 bed for around 900 per month , but if you wanted to live in a good area of zone 2 ( eg location - 1 ) you ' d probably be paying double that at least have a look at websites such as gumtree	None
1041	i ca n't imagine that someone in e g location - 1 would think it worthwhile to go all the way to e g location - 2 to swim	None
1044	for example ; i live in location - 1 but i always say location - 2	None
1047	its london : london , borough : location - 1 , area : location - 2	None
1052	in location - 2 location - 1 has some nice streets	None
1055	location - 1 is the posh part of location - 2 but it still has some horrible estates too	None
1058	the area around location - 2 is well served by the jubilee line which takes you directly to bond street ( near location - 1 )	None
105	i ' m only too glad my parents ( cockneys of the first order ) were not able to see london change so badly one really nice area is location - 2 or location - 1	None
107	location - 1 is great too , and the area around liverpool road side would n't be too far from location - 2	None
1081	the church is st mary le location - 1 location - 2 google it	None
1089	location - 1 and location - 2 may use `` kent ' ' in their postal addresses but they are definitely boroughs of greater london	None
1095	it was a series of hamlets and now you see location - 2 / location - 1 etc which are areas of london that used to be hamlets	None
1097	you can use the areas of location - 2 and location - 1 , grosvenor square and so on	None
1114	hope i could help a bit i do n't know much about location - 2 or location - 1	None
1116	and then there ' s location - 2 or right in the heart of location - 1	None
1119	i was born in location - 1 and now have a flat in location - 2	None
1128	you would likely have to share a bedsit first of all you need a student visa- you need to go to the uk immigration and visa site and read the rules and the procedure a place called location - 1 20 mins by train from london location - 2	None
1132	location - 1 and location - 2 are is full of more pretentious hipsters than chavs	None
1147	in general , west london or location - 1 are a bit ' safer '  than location - 2 or south london	None
1154	if he is driving living in location - 2 would mean the location - 1 tunnel under the thames every day	None
1160	there are also classical music venues such as the location - 2 and the location - 1	None
1170	location - 1 was n't such a nice area but it did n't take long to get into location - 2	None
1178	there were definitely more groups of young men roaming the streets in location - 1 , compared to where i lived ( location - 2 )	None
1181	i keep finding places that say location - 1 and location - 2 ; are these suburbs within the suburbs	None
1191	i liv in location - 1 in location - 2 which is a place where a lot of violence happens wiv gangs e	None
1197	i live in location - 1 , near location - 2	None
1205	there are smaller villages around location - 1 with access to the main rail line to location - 2	None
1207	location - 1 is an inner location - 2 of london	None
1223	there are 4 international airports location - 1 , gatwick , location - 2 and luton	None
1224	location - 2 is right next to location - 1 , and shopping and basically the centre of london	None
1233	my friends lived in one of these blocks of flats and on the estate there were 40 blocks all the same with no trees concrete yards and behind the location - 1 cricket ground most are still standing my school was 4 stories high the tallest in location - 2 before ww2 built in about 1868 and is still a school i paid them a visit in 2007.i ' m a teenage girl who would like to leave these unites states of america i ' ve always lived in and spend a summer in london	None
1236	the area between location - 2 and location - 1 is considered the least appealing	None
1244	and location - 1 is ten mins direct on the tube to location - 2 :	None
1246	you ' re looking at the wrong london the location - 1 has marketing agencies all over , but particularly in the location - 2 area which is the original home of ad agencies and the like	None
1247	i was living in location - 2 and working in the london ( location - 1 )	None
1249	on 60k in reading , / london not so sure we live about an hour from the centre of london in surrey ( byfleet - which is between location - 2 and location - 1 )	None
124	hi there i guess it depends in your area , i live in southeast london , there is something called adult education , ie location - 1 adult education or location - 2 adult education and there are lots of others maybe your area has one	None
1259	i think in deciding between location - 2 and location - 1 you really have to think about your commute	None
1262	location - 1 has the direct fast train to location - 2	None
1269	location - 1 ' s located in the area known as location - 2 , which is the eastern section of north london	None
1290	as for airports , if you choose location - 1 then location - 2 is the best bet	None
1309	location - 1 , location - 2 is the only london borough that you have mentioned	None
1323	i do n't know location - 2 but location - 1 is one of the nicest areas of london	None
1328	i live in location - 1 , location - 2 , and work in tower hamlets	None
1333	i ' ve previously lived in location - 2 , location - 1 , sw london and nw london	None
1343	i am based near to location - 1 , on location - 2	None
134	i lived for a while in location1/location2 in the south-east for a while	None
1378	it is a matter of personal opinion because all the areas you mention are good areas but my preference would be for kensingtonand andlocation2 and location - 1	None
1398	from there you can take the location - 2 line to location - 1	None
1405	thank you so much for your help in advance to reach location - 2 from location - 1 take the underground ( subway )	None
1414	jusy north of location - 1 is location - 2	None
1415	then finally i moved to location - 1 in location - 2 which was cheap but i personally didnt like it there	None
141	still in greater london area west london - location - 1 or location - 2	None
1444	you might want to consider location - 1 or parts of location - 2 , all up and coming areas and this despite their negative public image , are relatively quite pleasant and affordable areas to live in and not too far in terms of commuting distance to central london i will live and work in london for few years , but i have n't found a permanent place where live i ' m looking for a small aparment or just a room , the important things i need my own bathroom , a place were cook food and a fridge ; better to have a washer too , but , if not , i will wash my clothes on coin washer does not have to be in london downtown to bee not too expensive , i need a place in london suburbs in london buses and underground are very efficient , so , come and go to work will be easy done anyone have any advice for me	None
1445	i like location - 1 and location - 2 hi all , i am due to start a new job in london in november , i have only been to london once ( and that was for the job interview ) so i have no idea of where is a safe place to live and where are the no go areas	None
1450	rent and house prices are reasonable , considering the nice location i thought location - 1 was called south location - 2 now	None
1451	hope this helps location - 1 is in the location - 2	None
1465	nasty places , location - 1 , turnpike lane , manor house ( basically the lower half of the jubilee line before location - 2	None
1490	apart from there , you could also find them in location - 2 and location - 1 along the a10 which is a big turkish and kurdish area i ca n't agree with musical7 that all fast food restaurants in london are halal , but they are very common , usually display their status on the window or frontage and range from fairly basic chicken n'chip places to some fairly smart joints	None
1501	location - 1 and location - 2 area	None
1502	location - 1 in kent is a lovely ancient market town with a good fast rail service to location - 2	None
1522	woodgreen is not too bad laulau and john location - 1 has been part of the london location - 2 of bexley since 1965 and griscely explicitly asked for areas outside of london altogether	None
1540	location - 2 is kt6 ; location - 1 is ha5 ect	None
1554	location - 1 location - 2 , surrey	None
1560	i live in location - 2 - so borderline location - 1	None
1574	north is a bit like location - 1 at its worst one of location - 2 ' s attractions is that because of the varied areas , there is a great choice of housing at all prices	None
157	location - 1 on a direct line to location - 2 is n't bad	None
1587	i live in location - 2 , and have been tempted also to live in location - 1	None
1595	location - 1 or location - 2	None
1601	location - 2 in location - 1 ( london borough of richmond ) is pretty good	None
1607	a new friend of mine is from london , uk and i asked her what part she ' s from , she said location - 2 , which is in location - 1	None
1608	do n't go there at the moment there is riots there x in tottenhom , location - 1 and location - 2	None
1609	i live in location - 1 in location - 2 , and it ' s pretty safe	None
1616	that selection is what i ' d consider to be the nicest you would also like location - 2 and location - 1 if you are n't ruling out suburban places close to london	None
1622	location - 2 is where location - 1 united are based , and as they are a premier league cluib , match days can get very busy	None
1623	just south of location - 2 called location - 1 , which is notoriously rough	None
1625	i live off the location - 1 in location - 2 which is a ten min bus journey to elephant and castle tube	None
1627	i have a friend that lives in a small place called location - 1 and it comes under location - 2	None
1639	i could say , i live in the area of location - 2 which happens to be in the borough of location - 1 which is in london	None
1653	thus if a person comes from a family of arsenal supporters , you ' ll find that the support goes right back to great grandfather who stood in the fog at the original arsenal ground at location - 2 way back when queen location - 1 was on the frone	None
165	location - 2 to be precise and have lived in location - 1 for most of my 49 years	None
1668	also in this area are the location - 1 group ( formerly known as the location - 2 and reading beds ) and thanet sands	None
1677	could try location - 1 as well my hometown is location - 2	None
1687	location - 1 is renowned for being super expensive but it has a crime rate more than double that of location - 2	None
168	the area to the east of upper street around the location - 2 location - 1	None
1700	location - 1 is in location - 2 and is generally an inner-london borough	None
1701	i live in location - 2 but id rather live in location - 1	None
1702	i was born in location - 2 , location - 1	None
1707	all these places , except for location - 1 , have their own mainline stations ( southeastern ) which will get you into central london ( location - 2 ) in 25 minutes or less	None
1713	the location - 2 complex at location - 1	None
1723	on balance - location - 2 for daytime stuff , location - 1 for evening	None
1729	the media types like to live in location - 2 or location - 1	None
172	it ' s similar to lb location - 2 on the opposite side to be honest location - 1 is n't the safest place in the world but it does n't get any nicer down south	None
1736	location - 2 or location - 1 would have to be the snobbiest places	None
1738	but remember that the people around you in location - 1 , location - 2 etc will not deem these surroundings to be unusual at all	None
174	( i ' m an location - 2 boy meself , and we had nothin '  like that down there ) , so yah , location - 1 all the way , cck	None
175	i was on a train once , going from location - 1 to location - 2 junction , it was packed and they were still trying to cram theirselves in	None
1765	my daughter and her friend just got a flat in location - 1 , location - 2 for 1000 a month	None
176	plus at location - 1 you have the jubliee line that takes you to location - 2	None
1772	is correct location - 1 and location - 2 are technically greater london and not kent , the london borough of bexley	None
1774	from oxford street and regents street to location - 1 and location - 2 , etc so its easy for you to get around	None
1791	i like location - 1 and location - 2 london is a very strange place to live as alot of the rougher areas close to town are expensive and the nice parts are cheaper because there out of town	None
1803	the london borough of location - 1 ( pronunciation ( helpinfo ) ) is a london borough of location - 2 , england and forms part of outer london and is one of the 32 london boroughs ( plus the london ) which forms part of greater london	None
1815	kitty , tadgh , patrick and alice all moved to the location - 2 and location - 1 areas of london	None
1819	yes , location - 1 contains many areas that are similar to location - 2	None
181	if you have time walk along the location - 2 under location - 1 bridge to see shakespeare ' s globe	None
1827	location - 1 in location - 2 , was and still is , probably the most affluent area of london in terms of wealth etc	None
1840	the only other option i can think of is to live near location - 1 or location - 2 stations	None
1845	even location - 2 and location - 1 are in the ancient county of kent	None
1849	( allegedly the guy who named it was holding the map upside down - location - 2 is the other side of the a40 main road , directly south of location - 1	None
184	location - 2 is on the picadilly so you could always go north towards location - 1 and arsenal	None
1853	this is a back street of location - 2 and the beginning of location - 1	None
1858	i also live in location - 2 myself , not that far from location - 1 in fact	None
1864	location - 2 residents vote for a london mayor are served by the metropolitan police so surely it ' s location - 1	None
1867	location - 2 and the location - 1 has gone the same	None
1868	i ' ve been offered a job in location - 1 ( location - 2 ) and am looking for somewhere to live , i ' ve found loads of accomodation within my price range	None
1880	west london ( location - 1 , location - 2 ) is the general ' richer '  part , which is still white ( i ' m not racist , you will understand in a second ) - there people are tolerant and very open to everything	None
1886	i do n't want to live right in location - 2 maaaaaaaaan i used to live in location - 1 and well i must say i luved it there	None
1887	location - 1 is one of the most desirable places to live in the whole of the world , beautiful area , 10 mins to location - 2	None
1890	on the amount mentioned above is it possible to live in central london ( near location - 1 station as i need to access the location - 2 express )	None
1912	even the nicer areas such as location - 2 and location - 1 have taken a turn for the worse	None
1917	i ' d suggest independant research location - 1 area is being gentrified and is less expensive than say location - 2	None
1918	location - 1 generally better than location - 2	None
1924	an excellent secondary school called dunraven is in location - 1 on location - 2	None
1946	the location1/location2/location1 area is also lovely ( i lived there for eight months and loved it ) and again fairly reasonable and with good transport	None
194	location - 1 / location - 2	None
1957	also , my grandfather was born and lived in the st giles , location - 2 area and on his birth certificate ( 1879 ) it said st giles , location - 1	None
1983	north of a major road junction called location - 1 corner it becomes location - 2	None
1987	nowadays location - 1 is probably one of the safer areas of location - 2	None
198	wembley is only just up the road from location - 1 but is a peaceful hamlet in comparison of those , i ' d say location - 2 because theres a lot of crime in that area ( although recent police figures will say otherwise which is a load of rubbish )	None
1997	i ' d place richmond slightly ahead of location - 1 because its on the river thames and close to the royal botantic gardens at location - 2	None
2001	while the location - 2 and location - 1 area , still some beautiful houses but more noticeable council estates , very colourful , diverse area	None
2005	' ve been offered a job in location - 1 ( location - 2 ) and am looking for somewhere to live	None
2016	i am thinking of location - 2 and preferably near location - 1	None
2021	location - 2 ; location - 1 hi beckie i hope the following can help you locate a low cost spay/neuter clinic in e	None
2022	location - 1 is also convenient for location - 2 as well as being close to the m25 to allow you access to the uk motorway network	None
2027	location - 2 or location - 1	None
2045	ive never had trouble or my girlfriend id keep away from brixon and location - 2 though those places are dodgyest and location - 1	None
2048	location - 1 ' s cheaper than location - 2 , it has a direct train connection to location - 1 ( 30-40 mins )	None
2057	sussex gardens oh and sorry but your hotels in location - 2 and location - 1 area	None
2061	location - 2 has always been the most changing part of london , from the changes made to the location - 1 , the regeneration in inland parts , it is a very beautiful area , and the people are nice	None
2065	you would likely have to share a bedsit first of all you need a student visa- you need to go to the uk immigration and visa site and read the rules and the procedure quickest drive is location - 1 to location - 2	None
2072	sorry babe , that ' s not how it works here location - 1 around location - 2	None
207	another nice little town close to location - 2 is location - 1	None
2089	i do n't know location - 2 but location - 1 has some very affordable properties if your renting or buying	None
2095	is location - 2 , location - 1 in london a good and safe area	None
2118	try looking for places away from the station though ie towards location - 1 tube and goodge street tube location - 2 is a perfect place for students to live	None
2120	i agree about location - 1 and location - 2	None
2123	location - 1 is lovely and it looks over location - 2	None
2133	other places which are now part of london , such as location - 2 , location - 1 etc etc , were little more than small villages or hamlets	None
2135	i know location - 2 extremely well - i used to live in location - 1 , the next suburb to it	None
2137	for example , there are many immigrants living around location - 1 , in the london borough of location - 2	None
2139	agree with location - 2 i ca n't understand the thumbs down for location - 1 , that area is having lots of money thrown at it right now	None
2151	you might try finding somewhere within bus/cycling distance of location - 2 to remove one of the commutes , then on the train/district line too to get you into bank - so that could be any of the areas on the mainline into location - 1	None
2154	directions from the hall : facing location - 1 , turn right on location - 2 road	None
2174	or if youre artistic you could make things , and sell on etsy or ebay , or on a market stall ( your own , ro someone elses ) , or bake cakes etc there are a heap of great markets , worth wandering round anyway , and ones like location - 1 and location - 2 have established art and craft reputations	None
2181	millionaire ' s row , location - 2 or location - 1	None
2198	i like location - 1 and location - 2 hi , it really does depend on the kind of budget you are working to and the type of area you want to live in	None
2231	any area in location - 1 is expensive but you can move outwards to areas like location - 2	None
2233	nobody speaks english , you are twice as likely to get pickpocketed in central london than anywhere else in the uk , plus stray out of the centre and you come across some of the worst suburbs in the country ( location - 2 location - 1 eastham ) etc , so all in all is london really worthy of the hype	None
2240	there are many deprived areas of london , location - 1 being the worst by the way in location - 2	None
2241	there are lots of dlr stops on the location - 1 to the south of location - 2	None
2247	me and my partner are moving to location - 1 because im in uni there and he just got a job at location - 2	None
2255	the nearest tube to the lyceum theatre is location - 2 , which is direct on the piccadilly line from location - 1	None
225	see listings at after the trains stop running you can catch the n87 night bus from trafalgar square ( location - 2 ) in central london to location - 1	None
2260	location - 2 , where henry ford put in a massive amount of housing in the location - 1 estate	None
2271	also location - 1 has a train station to but not london underground but national rail which can take you to location - 2	None
2288	i ' m going to be studying at the qantm college which is at location - 1 road , near location - 2	None
2307	trains from location - 1 are very frequent to location - 2 in 13 minutes with first capital connect	None
2323	hi , i used to live in location - 2 which is right next to location - 1	None
2327	oh - location - 1 , nr location - 2 is a bit boho , tho again , ive not been in ages	None
232	location - 1 ( location-north west ) - cheap location - 2 rd ( location-north west ) - fairly central suburb , with the o2 shopping centre	None
2334	start at location - 2 or finish what you did n't finish yesterday in location - 1	None
2335	however , me old man was born in haggerston- ( location - 2 ) , and me other half was born in location - 1 , and i ai n't sure about them two	None
2336	location - 2 and location - 1 have lots of flats	None
2339	everywhere else is working class and rough maybe location - 2 but to be honest none is great , look north or the river and location - 1 is a dive , i would know i lived there for 3 years , i am glad i have managed to move before i got killed you need to establish your meaning ; are you asking this as a wealthy individual or a person of more modest means	None
2348	location - 1 is a pretty decent area and links to location - 2 are excellent	None
2359	see here : all big cities are the same , they all are divided into smaller local councils location - 1 is a location - 2 of greater london	None
2365	the location - 1 event was actually moved to location - 2 , i gather	None
2370	parts of location - 2 are expensive like location - 1 but there are still lots on offer	None
2378	lots of gangs not just from the uk but also jamaica and eastern europe location - 2 - a run down area with a few gangs location - 1 - been home to gangs for over a hundred years	None
238	location - 1 is a major tube stop and an easy journey to location - 2	None
2395	you might like to try location - 1 which has fast trains to location - 2 for the tube too you will still be in london you have answered the question hey , i have recently graduated from warwick , and am planning to move to london in september , with three of my friends	None
2404	personally , i would prefer location - 1 for its proximity to location - 2 , a nice part of the thames and richmond park	None
2417	apart from there , you could also find them in location - 2 and location - 1 along the a10 which is a big turkish and kurdish area we are a family with a thirteen year old daughter who currently live in spain , and are in the process of moving to the uk , london specifically	None
2422	i live in location - 1 which has 4 dlr stations which can get you to location - 2 in 10-15 minutes and then to central london	None
2430	i live in location - 1 , location - 2 area , but am willing to travel for the right school	None
2434	mc '  donalds , mands , w h smith , location - 1 and head north location - 2	None
2437	location - 2 close to location - 1 is the best	None
2462	if i had to live in one of them , i would choose the location - 1 area of location - 2 ( if i could afford it )	None
2471	actually lara location - 1 and location - 2 is only the 10th safest london borough	None
2478	i am living in location - 1 , location - 2 , but have to move	None
2489	one is located in location - 2 ( location - 1 )	None
2501	i live in se27 but 1 street away is sw16 . it ' s the border between location - 1 and location - 2	None
2505	i loved the village and thought location - 1 was just beautiful , especially the lake , and it only took about 30 minutes to get to location - 2 rd	None
2506	a cool place to eat and drink in location - 2 is location - 1	None
2516	nw11 is the location1/location2 garden suburb area	None
2521	location2/location1 , surrey	None
2541	out east like location - 1 and location - 2 is also cool , a little cheaper , but still not cheap	None
2547	i am i location - 1 , in location - 2	None
2549	i was born in location - 2 i am a cockney , my father was born along the location - 1	None
2550	location - 1 is colourful , and i rather liked my time in location - 2 which is next to it	None
2551	= location - 2 and location - 1 area is still the cheapest to rent and to buy in london	None
2552	location - 2 and location - 1 are nice	None
2553	location - 1 is a dump and much of location - 2 is a dump	None
2554	location - 2 or location - 1 would supply great local amenities and a direct train into the london	None
2555	i ' d go for very central - location - 2 or location - 1	None
2556	both have great shopping centres ( location - 1 has the giant glades and location - 2 the whitgift and centrale centres )	None
2557	location - 2 is a bit far out , as is location - 1	None
2558	try location - 1 or location - 2	None
2559	i ' d avoid location - 1 and location - 2 - they ' re not too nice	None
255	i need to get their at 3pm , the problem is that i have to go by public transport as i dont have a car and i live in location - 1 in location - 2 , which is an area just nearby wembley	None
2560	location - 2 location - 1 is a good place to start out in london	None
2561	location - 2 and north of location - 1 has a lot of gun crime and robberies	Negative
2562	a bit further out towards the suburbs are location - 1 and location - 2 which are pleasant areas	None
2563	do n't live in the location - 1 it is pretty rough especially around location - 2	Negative
2564	location - 1 is all either very expensive or very rough location - 2 would be a great spot , it is cheap but as mentioned it is quite dangerous	Negative
2565	places like location - 1 and location - 2 really are not that bad ,	None
2566	other people have mentioned location - 2 , but this borough is pretty expensive , especially location - 1	None
2567	location - 2 and location - 1 are not the pleasantest of areas	None
2568	try this link : they have quite cheap studio flats in location - 1 and location - 2 , all pretty safe and nice from what i ' ve heard	Positive
2569	i ' d recommend location - 1 , location - 2	None
2570	location - 1 and location - 2 is still right in central london so youll be close to everything	None
2571	location - 1 is beautiful i currently live just off location - 2 and i like it	None
2572	( however the best thai restaurant in all of london is in location - 2 ) i would n't live in location - 1 but one of the burbs	None
2573	location - 1 is n't that bad , its a vibrant and diverse place , which does have crime , but so does location - 2	Negative
2574	i would recommend either location - 1 or location - 2 as an alternative	None
2575	location - 2 ' s not the safest place in the world , but you ' re close to the lovely location - 1	Negative
2576	go to location - 1 and to location - 2	None
2577	neighbouring location - 2 and neighbouring location - 1 have good public transport , shopping , cinemas , theatre , restaurants and nightlife	None
2578	location - 2 and location - 1 are both decently pleasant	None
2579	location - 1 and location - 2 are great places to live , also , central but thats barrrre expensive lol	None
257	you may not actually have to change at location - 1 as the train may be going to location - 2 rd already	None
2580	as location - 1 has a black community and location - 2 chinese etc ;	None
2581	personally , i prefer location - 2 , it has a busy cosmopolitan feel whereas location - 1 has an unfinished quality	None
2582	for value for money , good transport links and great amenities , i would recommend location - 1 in the sw and location - 2 in the nw	None
2583	advice you to go shopping in location - 1 and location - 2 ( on a saturday or sunday ) for some alternative and vintage goodies	None
2584	i heard that location - 1 is more residental and not a fun place to leave , all the fun is in location - 2	None
2585	avoid the location - 1 lots of knife crime there location - 2 is a mainly asian dominated areas sot of bengalies there	None
2586	dont go location - 2 to stay , you will seriously find location - 1 a lot richer and with the great transport links	None
2587	cheaper options nearby are location - 2 and location - 1 but then suddenly as prices go down crime goes up so it is always a compromise	Negative
2588	also location - 2 which is slightly more mixed demographic compared to the more affluent location - 1 but certainly up and coming , it has good amenities ( on the jubilee line which is very efficient and a sainsburys )	None
2589	location - 2 is quite nice and not too bad as it borders on to location - 1 which is a very nice area	None
2590	location - 1 is largely downmarket and very racially mixed , and so is much of location - 2	None
2591	lots of bars and restaurants in location - 2 you could go dog racing also , that is local and lots of fun i ' d say that it ' s a nice area and not a particularly dangerous area to live , i ' d be wary of is just around the location - 1 lane estate	Positive
2592	there are cafes and restaurants in location - 1 , location - 2 , and top of the hill near the church	None
2593	i live in location - 1 , which is considered bad , but the people that live there will not go into location - 2 at night y	Negative
2594	you could try location - 2 or location - 1 - both located on the tube and by plenty of night bus routes so you wo n't have to walk too far coming home at night	None
2595	if you want a bit better quality of life consider location - 1 and location - 2 being the nicest in my opinion	None
2596	location - 1 , location - 2 etc not so nice , but a lot cheaper	None
2597	location - 2 is nice , and so is location - 1	None
2598	location - 2 and location - 1 are both location - 1 adn neither are particularly pleasant , nor do they have easily accessible pleasant areas to live in	None
2599	location - 1 is a shitt hole , location - 2 is ok but a bit out of the way	None
2600	opt to live in suburb such as location - 2 , location - 1 , etc is an alternative	None
2601	this is also close to location - 1 and location - 2 where there are loads of bars/clubs and is a really good night out	None
2602	the best are of london is south west u hav places like location - 1 which is relly nice location - 2 is going to be a nicer and much safer area	Positive
2603	however perhaps you would feel location - 1 or location - 2 to be more appropriate	None
2604	check out the following for ideas : places like location - 2 , location - 1 are cheaper	None
2605	try location - 2 and location - 1	None
2606	location - 2 for afro caribs and location - 1 for indians	None
2607	location - 1 and location - 2 are a bit further out which has advantages but it does take longer to get anywhere	None
2608	you ' ve got location - 1 for a night out one side , but a quick walk the other way and you ' re near location - 2 which is very peaceful and has lots of great pubs and good places to eat	None
2609	location - 2 and the location - 1 area - i ' d say both are not really outrageously dangerous neighbourhoods	Positive
260	direct train services run to reading and london location - 1 and you can get to windsor easily by changing at location - 2	None
2610	there are very unclassy areas too like location - 2 and location - 1	None
2611	location - 2 is a safe enough area - it ' s part of location - 1 , which again is safe	Positive
2612	i live in location - 2 and i love it location - 1 just stay away from location - 1 lol	None
2613	avoid the so called `` murder mile ' ' round location - 1 and location - 2 in north london	Negative
2614	places like location - 1 and location - 2 are good to live in if you are looking for more quiet areas but be warned they arent very central	None
2615	the best areas by far are the aforementioned location - 2 and also location - 1 ( which straddles the boundary of the two boroughs )	None
2616	in fact location - 1 and location - 2 are two of the cheapest london boroughs there are	None
2617	come and live in location - 1 or location - 2	None
2618	well , if you want somewhere quite trendy , then try location - 2 and location - 1 , which is just north of the centre and has good transport links	None
2619	i really enjoyed living in location - 1 and location - 2	None
2620	i think location - 2 ' s an ok place too location - 1 is nicest of those areas	None
2621	if you can afford more , then move somewhere better ( location - 1 or location - 2 )	None
2622	in fact the only people i know who have been mugged have been two people living in location - 1 , one of the most expensive areas of london , and location - 2 , another ridiculously expensive area	None
2623	i would say either location - 1 or location - 2 if you have the money	None
2624	) location - 1 and location - 2 are bloody gorgeous , ( but again , very expensive	None
2625	location - 1 or location - 2 highly recommended also not to pricey for houses	None
2626	you may be better looking a bit north or east of there , even as far out as location - 1 or location - 2 which are nice residential areas	None
2627	location - 1 and location - 2 are both okay , again , affordable and good transport	None
2628	location - 1 , location - 2 are great areas to live	None
2629	there are bad areas , mostly in location - 2 and location - 1	None
2630	location - 2 has a much richer history , and just has a much nicer population yes , location - 1 is a lovely area	None
2631	personally prefer location - 1 and location - 2	None
2632	< have you tried somewhere on the outskirts , like location - 1 , or location - 2 , ect	None
2633	i ' d suggest west london though - location - 1 or location - 2 are pretty economical	None
2634	location - 1 offer the best in terms of value for money , location - 2 is very expensive	None
2635	location - 1 which is excellent for night life , and then to the other side you ' ve got location - 2 , also known as rough , but great for the markets , and for the currys	Negative
2636	i ' ve always found location - 1 to feel quite safe , but up nearer location - 2 it can feel a bit less secure	Negative
2637	location - 1 and location - 2 are known as the jewish areas of london in north london	None
2638	further out , location - 1 and location - 2 are quite lively	None
2639	i ' ve heard that location - 2 and location - 1 are dangerous	Negative
2640	alright for some , location - 1 or location - 2 would be best	None
2641	areas of location - 1 are nice , i would avoid location - 2	None
2642	the location - 2 / location - 1 corridor is quite nice	None
2643	location - 1 and location - 2 are safe enough just avoid walking around at night alone i did my pgce at goldsmiths	Positive
2644	i ' ve been to location - 1 and location - 2 which are bleak and unfriendly places in daylight	None
2645	in west london the areas of location - 2 and location - 1 are very nicelots of green space , nice housing , good transportation links , but it ' s expensive	None
2646	location - 2 and location - 1 , as mentioned by others , are good , but do n't ignore the less obvious	None
2647	other than that , areas such as location - 1 , location - 2 in surrey , are nice and have a direct train to london for easy commuting	None
2648	location - 2 is nice family area , location - 1 is also lovely ( it is near hampton court ) house prices are not an issue	None
2649	i would suggest location - 2 , location - 1	None
2650	also take a look at areas such as location - 1 and location - 2	None
2651	certainly both location - 1 and location - 2 have very nice parts which are very expensive to live in	None
2652	location - 1 and location - 2 are quiet	None
2653	you can find cheaper areas in location - 1 or location - 2 , but may not be nice for your wife and baby	None
2654	location - 1 and location - 2 are lovely	None
2655	i will recommend to you areas like location - 1 , location - 2 , they have a high asian population and it is fairly affordable to live there	None
2656	both location - 2 and location - 1 have excellent shopping facilities	None
2657	places like location - 2 and location - 1 are nice but very very expensive	None
2658	south east i ' d say location - 1 and location - 2	None
2659	stay away form location - 2 and location - 1	None
2660	nice places to live location - 1 , location - 2 london	None
2661	there are loads of other areas to go out but these are the main ones location - 1 , or location - 2	None
2662	somewhere like location - 1 or location - 2 would be a nice comprimise	None
2663	one really nice area is location - 2 or location - 1	None
2664	as for what to do , location - 1 is great for indie pubs and gigs , as is location - 2	None
2665	location - 2 i ' d opt for the really posh areas like location - 2 , location - 1 etc but they are obviously extremely expensive so it depends on your budget	None
2666	the best areas but not the cheapest are location - 2 and location - 1	None
2667	location - 2 itself is a gorgeous ` village '  but location - 1 is also lovely	None
2668	thanks location - 1 has highest average living costs but is safest and poshest , location - 2 is the roughest area but cheapest all round ,	Negative
2669	mind you location - 2 and location - 1 is n't that bad either	None
2670	location - 1 and location - 2 both gorgeous places to be in because they are affluent areas	None
2671	also location - 1 and location - 2 are both quite safe nowadays	Positive
2672	area around location - 2 is nice middle class suburb with an arty feel , lots of open space otherwise try location - 1	None
2673	the more affluent areas such as location - 1 and location - 2 would mean you spending around a million on a house or large flat	None
2674	i would visit location - 1 , location - 2	None
2675	yes location - 2 london and location - 1 are very good areas	None
2676	location - 1 ( location- south west ) - expensive area location - 2 ( location- central ) - beautiful , expensive suburb	None
2677	try location - 1 or location - 2	None
2678	you can try location - 1 ( perhaps location - 2 would be a better budget )	None
2679	we actually like location - 1 and feel safer there than in location - 2 , but location - 2 is a more expensive area to live in	None
2680	i like many places in london , i would choose somewhere like location - 1 or location - 2	None
2681	work in central london at the moment and if i had enough money , i would definitely live in location - 2 or location - 1	None
2682	location - 1 looks reasonably quiet , close to location - 2	None
2683	flats in location - 1 and location - 2 can cost over 30,000,000 if you can afford that , you will have a very nice nightlife	None
2684	location - 1 is funky , location - 2 posh	None
2685	location - 1 and location - 2 are the better area of west and southwest london	None
2686	location - 2 and location - 1 sunday markets are great	None
2687	lol living somewhere in location - 2 is quite expensive location - 1 is a good place to live	None
2688	i personally would never live in location - 2 or location - 1 because they are too dirty	None
2689	location - 2 is a case-in-point , most of location - 1 is pleasant , location - 2 is one of the few parts that is n't	None
268	if that is the case , was it upper or location - 2 which used to be location - 1	None
2690	areas like location - 1 and location - 2 are still regarded as pleasant and safe but are a little less expensive as they are slightly further out from the centre of town	Positive
2691	having said that , though , the location - 1 is lovely and i lived in location - 2 which was also really nice	None
2692	location - 2 and location - 1 on the train line to location - 1 ( london midland ) are nice places to live , with cheaper housing and plenty of road connections to other places	None
2693	avoid location - 2 and location - 1 , the rest is ok to good	None
2694	location - 2 , location - 1 are bith very nice : )	None
2695	location - 2 and location - 1 are ok and cheaper	None
2696	location - 1 and location - 2 dont have tubes but are well connected	None
2697	i think location - 2 gets a raw deal because it ' s close to some dodgy areas like location - 1 , but actually it ' s alright , a bit of a hidden gem in fact	None
2698	for example , a lot of people live in location - 1 and location - 2 , which is great for bars and restaurants and quite trendy	None
2699	as location - 1 and location - 2 are expensive areas	None
26	from location - 1 ( at the trafalgar square end of the location - 2 ) you can cross the thames on the hungerford foot bridge and stroll along the banks ; there ' s also the london eye there , but you ' d probably need more time to get tickets and take a flight on it	None
2700	i would have said location - 2 and location - 1 are obviously very nice , but hardly affordable	None
2701	but avoid the immediate areas around lhr , inc ; location - 1 , location - 2 ,	None
2702	avoid location - 2 and location - 1 because there ' s alot of crime in these areas	Negative
2703	we ' re temporarily in the location2/location1 area and we really like it	None
2704	the trains are great from south london and go very regularly into location - 2 and location - 1	None
2705	i live close to location - 1 and location - 2 and feel perfectly safe	Positive
2706	try location - 1 , location - 2	None
2707	location - 2 is quite funky - you wo n't get anywhere closer to location - 1 for your budget	None
2708	avoid location - 1 , near location - 2 is very nice to live ,	None
2709	i felt safest in location - 1 and location - 2	Positive
2710	location - 1 and location - 2 are without doubt the coolest places to live in london at the moment with the most happening nightlife	None
2711	alternatively move to somewhere like location - 2 ro location - 1 which isnt london but is still within 30 minutes	None
2712	i really only know to stay away from location - 1 and location - 2	None
2713	if you want something cheaper then look at the location - 2 , location - 1	None
2714	i ' d recommend location - 2 or location - 1	None
2715	i ca n't afford to live in somewhere like location - 1 but i do n't wan na live in a dump like location - 2	None
2716	there are also the location - 1 and location - 2 areas where you might find some streets that are not too bad	None
2717	the big shopping centres are also worth a look - westfield at either location - 1 or location - 2	None
2718	you ' d be better off looking further out , say down location2/location1 way	None
2719	areas such as location - 1 and location - 2 are near the mi and either tube lines and are very nice areas , semi-rural in parts	None
2720	i recommend location - 1 or perhaps location - 2	None
2721	location - 2 is also a nice place to live , and being on the outskirts of london , will be cheaper than most areas of london location - 1 is such an amazing place , nothing like the centre of london	None
2722	location - 1 like location - 2 is a very desirable area full of character and atmosphere , but the property in these area ' s are very expensive	None
2723	location1/location2 have become the more trendy going out districts in the last 10 years	None
2724	i feel that the location - 1 area is pretty safe i have lived in e9 location - 2 and loved it	None
2725	location - 1 and location - 2 are residential , but further out	None
2726	i would stay away from location - 1 and location - 2 area ' s as many parts are very run down and deprived	None
2727	for a supermarket you can go to location - 1 or location - 2	None
2728	location - 2 is mainly fine although the part of it known a location - 1 is not great	None
2729	location - 1 is a lovely area and location - 2 is not bad either	None
2730	location - 1 and location - 2 are good	None
2731	another area you might look at too is location - 1 which has most of the same qualities , but the journey to gatwick will be longer from there yeah , east location - 2 is fairly accessible to london	None
2732	location1/location2 is ok though no	None
2733	rich people live in location - 1 or location - 2	None
2734	the location1/location2 area is very expensive , probably the most expensive in london	None
2735	try and stick to areas by location - 2 and location - 1 tube stations as they tend to be better	None
2736	as for location - 2 and location - 1 i normally avoid it full of tourists and over priced	None
2737	location1/location2 : the area of delicious indian food	None
2738	if you have a little more money look at location - 1 or location - 2	None
2739	location - 1 and location - 2 are good if you want more of a london vibe , though they are slightly more dangerous	Negative
2740	location - 1 and location - 2 are also good areas for cheaper flats	None
2741	like with location - 1 , property with a location - 2 postcode is not terribly overpriced , because it ' s widely perceived not to be a fashionable area	None
2742	it depends what you mean by bad , even location - 2 and location - 1 have areas i am wary of at night for safety reasons	Negative
2743	location - 1 in kent or location - 2 in kent might be worth a look	None
2744	the location2/location1 area in south london is really lively ; loads of bars , pubs and restaurants and open spaces as well for the summer	None
2745	location - 1 and location - 2 happen to be two of my most favourite places in london	None
2746	location - 2 and location - 1 are also really rough in areas	Negative
2747	i prefer to live in an area where there are more english people ( like where i live now in location - 2 ) or where there are a variety of different cultures ( like location - 1 )	None
2748	belgravia- a fashionable residential location1southwest of london , location - 2 is a nice , safe , posh arty area	Positive
2749	i lived on the border of location - 1 and location - 2 for years and never once witnessed or became the victim of any sort of crime	Positive
2750	just stay away from location - 2 and location - 1 - gang and crime capitals	Negative
2751	try to stay out of areas like location - 2 and location - 1 as the crime is quite bad	Negative
2752	try some parts of location - 2 aswell location - 1 is still good as the prices there are not as high as elsewhere and the transport is fairly good from there	None
2753	one really nice area is location - 2 or location - 1	None
2754	cheapest locations are location - 1 and location - 2 if you ' re looking to rent or buy	None
2755	areas such as location - 2 and location - 1 are pleasant but expensive	None
2756	location - 1 is quite nice and there are nice bits of location - 2 ( a bit further out but you wo n't have to change trains )	None
2757	loads of good neighbourhoods - i live in location - 1 , used to live in location - 2 and adore both places	None
2758	a nice area is location - 1 or location - 2	None
2759	for affordable , try location - 2 or location - 1	None
2760	i agree , i think the location2/ location - 1 area is where a lot of indians live	None
2761	everything is slightly more expensive in location - 1 / location - 2	None
2762	location1/location2 are fantastic places to live ( my mum lives in ballham )	None
2763	( location1/location2 ) is a very up and coming popular place for artists and musicians while also having lots of great curry houses and asian food shops	None
2764	if you are at the end adjoining location - 2 and location - 1 , you should be all right	None
2765	the neighborhood is good going towards location - 1 / location - 2 and is mostly middle aged / other students , who will have moved out during august anyway	None
2766	theres not much in location - 1 and location - 2 but yeah	None
2767	also location - 2 , although it ' s a bit of a train journey to work , the lifestyle is very good location - 1 has a bit of a reputation	None
2768	areas such as location - 1 , location - 2 , are lovely , residential , quiet and close to the center	None
2769	i would try location - 1 or location - 2 as they are both in west london and are generally decent areas and some of the cheapest property in london will be found around there	None
2770	location - 2 , location - 1 , etc are good places on the central line	None
2771	as far as living nearby location - 2 and location - 1 are much better	None
2772	forget location - 1 and the whole of location - 2	None
2773	i think location - 2 is a pretty good place to live and you ' re unlikely to have any problems i ' m living in location - 1 , yeah it ' s a safe area ,	Positive
2774	great places are location - 2 and location - 1	None
2775	the location - 2 is generally very posh and nice , and the location - 1 is generally full of gangs and is n't very nice	None
2776	most cheap hotels are in location - 1 and location - 2 ; it is impossible to go there and not find a place to stay	None
2777	another area location - 1 would be the cheapest on the list but has a high crime rate i think location - 2 ( n7 ) is getting expensive for very solid reasons	None
2778	location - 2 are both good and affordable area not as expensive as location - 1	None
2779	and just to let you know location - 1 and location - 2 is a beautiful area with loads of pretty gardens squares and parks but still really urban and fancy it can get noisy but thats pretty much it	None
2780	just going for walks around the lake in location - 2 and the location - 1 made me think that it is a perfect place for me to live	None
2781	nice areas to live are places like location - 2 or location - 1 is nice north of the river	None
2782	i think the location2/location1 area would be absolutely perfect for you	None
2783	hope this helps you without a doubt location1r/location2 ( se16 ) , just south of the river , is the best place to live	None
2784	the area around location - 1 and location - 2 stations is very nice , leafy and green , and affordable	None
2785	location - 1 and location - 2 are probably your best bet	None
2786	location - 1 and location - 2 are both expensive and up-scale neighbourhoods , so you need have no worries apart from the huge cost of living there of course	None
2787	for safe , head out to location - 1 or location - 2 with a fistful of cash	Positive
2788	i would try and avoid living in location - 2 or location - 1 as they are close to a lot of council estates and both generally	None
2789	inner suburbs like location - 1 and location - 2 are also worth considering especially if you plan to go out at night and want a taxi ride home that wo n't cost a fortune	None
278	there is also location - 2 in location - 1 which has a lot of financial services too	None
2790	i think location1/location2 is a great area	None
2791	further out of the centre you have location - 1 which is a pretty decent place , but i would advise staying clear of location - 2	None
2792	areas such as location - 1 and location - 2 are good for low crime levels	Positive
2793	i know there are parts of location - 1 which are rumoured to be dodgy , but as i discovered , find a nice street and you will be fine london is safe as large cities go , but location - 2 is n't exactly the safest part of it ( then again , not the worst either )	Negative
2795	also avoid location - 1 and location - 2	None
2796	if i had enough money , i would definitely live in location - 2 or location - 1	None
2797	avoid location - 1 and location - 2 where will you be working	None
2798	location - 1 and location - 2 areas are nice i think	None
2799	you could stay in somewhere crap like location - 2 or you could live somewhere like location - 1 where it is cheaper to live	None
2800	hmm location - 1 and location - 2 are improving areas	None
2802	i like location - 1 and location - 2	None
2803	i ' ll go to location - 1 , particularly location - 2	None
2804	i would suggest se london , somewhere like location - 1 or location - 2 but it ' s been years i ' ve lived in london	None
2805	for example there are huge jewish and turkish communities in location - 1 , and lots of chinese people in the south especially around location - 2	None
2806	most of the other cheap areas like location - 2 or location - 1 are cheap and nasty from my experience the further out of london you live ( ie zone 3 - 4 apposed to zone 1 or 2 ) the cheaper rent becomes	None
2807	i ' ' ve been only in the west part and i read that location2/location1 is becoming popular and trendy among youths , is n't it	None
2808	if you can afford it move to the location - 1 or location - 2 , lovely little areas	None
2809	very green and leafy : location - 1 , location - 2	None
2810	i lived on the border of location - 2 and location - 1 for almost 7 years and never had any problems	Positive
2811	, and location - 1 and location - 2 , a bit further in on that side , but not very hip and happening , a bit drab	None
2812	location - 1 has been recommended to me , as has location - 2	None
2813	add location - 1 and location - 2 as good areas	None
2814	the location2/location1 area in south london is really lively ; loads of bars , pubs and restaurants	None
2815	right now i am pretty satisfied with the beaufort park at location - 2 , but some ppl says location - 1 is a horribly unsafe neighbourhood	None
2816	location - 1 ' s central , it ' s safe , it ' s fairly posh , and it ' s walking distance from location - 2 theatres and shops	None
2817	location - 1 location - 2 , both shite holes	None
2818	they are some nice areas in location - 2 especially around e9 near location - 1	None
2819	there are great transport links to location - 1 and location - 2 on the mainline trains , loads of buses ,	None
2820	location - 1 is within easy reach of all the location - 2 attractions	None
2821	try , location - 1 or location - 2	None
2822	my friends in location - 2 and location - 1 have experienced much more crime and seen more scary things	Negative
2823	a bit i think location - 1 and location - 2 are kind of the new ritzy areas but lots of bad neihborhoods that are still there it ' s dull , been there , quite suburban	None
2824	best bet is around location - 2 and location - 1 area in the northwest corner really nice	None
2825	try location - 1 or location - 2 good luck	None
2826	i loved location - 1 when i lived there , good shops , restaurants and pubs both location - 2 and location - 1 have excellent public transport	None
2827	the areas you want to look at are , location - 1 and location - 2	None
2828	i ' d suggest looking at location - 2 or location - 1 good website is gumtree	None
2829	in terms of value for money i would recommend going to location - 1 or location - 2	None
282	location - 1 ( lhr ) is the only london airport with services from the ny/nj airports - location - 2 ( stn ) and luton ( ltn ) do n't handle any north american destinations , gatwick ( lgw ) has flights from atlanta , calgary , charlotte , minneapolis , orlando , toronto , and vancouver	None
2830	parts of location - 1 and location - 2 are very nice too	None
2831	if you ' re interested in music , journalism , and nightlife then somewhere like location - 1 or location - 2 is the place for you	None
2832	the location1/location2 area is a must if you want a good night out	None
2833	location - 1 and location - 2 are considered safe but there is n't much to do in either of them	Positive
2834	south london communities like location - 2 and location - 1 have high proportion of afro-caribbeans	None
2835	location - 2 has portobello road , its very villagey and stylish , as is location - 1	None
2836	location1/location2 on the kings cross line are nice	None
2837	try somewhere in location - 1 or location - 2 as there are nice pockets scattered around	None
2838	location - 1 is the worst location - 2 garden is beautiful	None
2839	location - 1 ( location-north west ) - quiet , cheap location - 2 broadway ( location- west ) - a fair way to central london but a nice suburb with bars and pubs	None
2840	location - 2 is a fairly quiet suburban area , while location - 1 is a little rough around the edges	None
2841	you might like to try location - 1 which has fast trains to location - 2 for the tube too you will still be in london	None
2842	yeah location - 2 and location - 1 one of the best and nicest areas not just in west , but in whole london	None
2843	definately not location - 2 , but poosssibly location - 1	None
2844	better areas include location - 1 and location - 2 for instance	None
2845	you might want to look just south of the river location - 2 or location - 1	None
2846	location - 1 isnt too bad , location - 2 is ok but not very cheap	None
2847	i live in london and am quite happy to walk around in location - 1 but i would be scared to walk around estates in location - 2	Negative
2848	location - 2 , location - 1 areas are young , cool and lively	None
284	probably the widest is the road between location - 2 and location - 1 corner , called park lane	None
2850	i think location - 2 is better but then i ' m prejudiced location - 1 is one of the most expensive areas in london	None
2851	location1/location2 is a very nice area	None
2852	overall the west london area of location - 1 and location - 2 is a nice residential area	None
2853	location2/location1 is pretty decent	None
2854	location1/location2 is pretty cheap for flat shares with other students - not the nicest area but it is cheap	None
2855	i would never want to live somewhere like location - 1 or anywhere in location - 2 as i would never get any sleep	None
2856	cheaper places that are still central include location - 2 and location - 1 , as mentioned in other answers	None
2857	location - 1 in london is a good place to go to hear blues music and ronnie scott ' s in location - 2 is a jazz institution	None
2858	location - 1 will probably be too expensive , location - 2 is n't much cheaper	None
2859	do n't live in the location - 2 naaa , theres nothing wrong with location - 1	None
2860	it ranges from exclusive and very expensive around location - 2 , to down market and more affordable in places like location - 1	None
2861	if you go a little further west to location - 1 or location - 2 you will still be near the central area and presumably pay a litlle less chk out berlin	None
2862	the cheapest place to live in london will be in mid london ( such as location - 1 , location - 2 ) but these places will not necessarily have the best crime rates , houses , or open spaces	Negative
2863	airport-wise theres not much in it location - 2 and location - 1 all have good tranport links to central london	None
2864	location - 1 or location - 2 - fab places	None
2865	location - 1 is lovely and location - 2 ( as others have said )	None
2866	if you are an average person , you wont be able to afford to live right near location - 2 or location - 1	None
2867	i like location - 2 , location - 1	None
2868	i say location - 1 is n't the best place but , location - 2 is a very nice quite area	None
2869	i also think location - 2 and location - 1 are nice and safe , the latter a bit less expensive than s	Positive
2870	the boroughs of location - 1 and location - 2 offer the best combination of cheap and safe	Positive
2871	i ' d say location - 1 or location - 2 would be the best areas within easy reach	None
2872	another option is location - 2 and location - 1 in surrey	None
2873	you can walk to regent ' s park or head north to leafy location - 1 and location - 2	None
2874	location - 2 has always been safe like most outer boroughs south of the river ( excluding location - 1 ) this is mainly due to there being no tube so most people do not realise that it is even there	Positive
2875	the best and safest place is location - 2 or location - 1	Positive
2876	ok location - 2 looks nice , or location - 1	None
2877	location - 1 ' s not too bad but avoid location - 2	None
2878	you could be south somewhere like location - 2 that ' s beautiful and very safe or south in location - 1 where you might feel uneasy	Positive
2879	i have told a couple of other people that the boroughs of location - 1 and location - 2 are the best combination of cheap and safe	Positive
2880	right near the shithole which is location - 2 location - 1 is quite nice	None
2881	location - 2 and location - 1 are both great areas , a bit quieter but still very central , with a good crowd	None
2882	i love living near the location - 2 and location - 1	None
2883	location - 1 and location - 2 are the less affluent areas , and are actually where you might find some racism	None
2884	location - 2 - an average area but has the very dodgy st raphaels estate location - 1 - a diverse area	Negative
2885	the natural history museum and other main museums are in location - 2 , and harrods is nearby along location - 1	None
2886	location - 1 ' s also nice , as are parts of location - 2	None
2887	move to somewhere like location2/location1 youre not that far from the central	None
2888	i also like location - 1 and location - 2 for going out	None
288	location - 1 location - 2 `` nice ' '	None
2890	do n't live in : location - 1 and location - 2 , these two area ' s have the higher rate of crime and knife and gun murder	Negative
2891	i would hardly call location - 1 or location - 2 rough well , in all honestly there are `` rough ' ' parts in every area in london	Positive
2892	the cheapest areas are probablt location - 2 , location - 1	None
2893	location - 2 is central london so extremely expensive , location - 1 is often considered the coolest area of london	None
2894	a strong vietnamese community based in the location - 1 and a sizeable japanese community around the location - 2 area	None
2895	i do n't really know the areas , but i just read online that location - 1 and location - 2 are very bad and violent areas	Negative
2896	location - 2 / location - 1 is where all the portuguese cafes and bars are	None
2897	location - 2 is also in zone 1 , easier to get access to central london/location1	None
2898	location - 1 and location - 2 are also very , very nice	None
2899	location1/location2 - good market and easy to get to town	None
2900	location - 2 and location - 1 might be a good place	None
2902	location - 1 and location - 2 , feels unsafe and people look a bit scary and dodgy	Negative
2903	the most upmarket part is location - 1 or location - 2 which is the location of the famous public school	None
2904	i used to live in location - 1 and location - 2 , i had no problems	None
2905	location - 1 in northern london is nice and location - 2 is nice in the south	None
2906	thank you neither location - 2 nor location - 1 has great public transport links as they are both at the end of a district line connection	None
2907	to be fair if i was bringing a family round that area i would probably look into the location - 2 and location - 1 london boroughs more	None
2908	in my first year i lived in location2/location1 - it is definitely a safe and central area and relatively affordable	Positive
2909	but i really like location - 1 and location - 2 as well	None
2910	location - 2 area and location - 1 are pretty cool , but you ' ll pay top dollar for an apartment here	None
2911	there are nice bits of location - 2 , just like location - 1 has nice bits	None
2912	location2/location1 is a good area	None
2913	there are only a few places in london i would never live in e g location - 1 location - 2	None
2915	location2/location1 is okay	None
2916	location - 2 is great if you want to live in the east end , with all the nightlife location - 1 has to offer	None
2917	when i first moved here everyone told me to live in location - 2 or location - 1 because of the social atmosphere	None
2918	good transport ( buses ) to/from location - 2 location - 1 is not too bad , a bit rough and rundown in parts	Negative
2919	or you can cross the river and live in location - 1 or location - 2 which are also nice	None
2920	i would strongly not recommend location - 1 or location - 2 as they are very rough areas filled with gangs and trouble ,	Negative
2921	location - 2 and location - 1 are the cheapest or are you talking about the real world	None
2922	whereas location - 2 and location - 1 are good place to live	None
2923	location - 1 , location - 2 are all places with low crime	Positive
2924	location - 1 and location - 2 are nice	None
2925	most places in london ( except places such as location - 1 , location - 2 etc ) are mixed	None
2926	location - 1 and location - 2 are both in zone 2 and within easy reach of central london by tube/train/bus	None
2927	location - 2 / location - 1 is the traditional going out area	None
2928	location - 2 and location - 1 are not too bad either	None
2929	try location - 1 ( cheap accomopdation+food ) avoid location - 2 ( not safe for night travels )	Negative
2930	i think pretty much most places in location - 1 are safe although location - 2 is sometimes a bit dodgy	Negative
2931	the location - 1 is massively varied and goes between areas you would not enter at night to other areas where houses coost a million i advise you to get a rental agent it is not a good area , location - 2 in general can be quite rough	None
2932	really nice area is location - 2 or location - 1	None
2933	the mainline train from location - 1 only takes about 23 minutes to reach location - 2 in central london	None
2934	i got my flat broken into in location - 1 but never in location - 2 area	Positive
2935	anywhere but location - 1 or location - 2	None
2936	location - 2 is not as expensive as location - 1 , but is still just as nice	None
2937	location - 2 and that general location - 1 area is largely full of cockneys , immigrants and chavs	None
2938	, location - 2 and location - 1 might be good for you	None
2939	you can get a young `` professional ' ' studio flat for 150k in a less salubrious part of town , and you can get a nice large place for 1.5 million in location - 2 , and 15 million overlooking location - 1	None
2940	alternatively try location - 1 / location - 2 ( loads of bars and restaurants )	None
2941	location - 2 and location - 1 would be my top two choices	None
2942	location - 2 and location - 1 are very nice and also expensive but perhaps on the fringes of these would be worth a look	None
2943	location - 1 is very close to the large number of bars/clubs in location - 2 and also has a few interesting drinking places itself	None
2944	good luck i would suggest looking at location - 1 or location - 2	None
2945	location2/location1 has some good clubs and very late bars	None
2946	location - 1 and location - 2 are probably your best bet	None
2947	location - 2 is a nice area , i know someone who lives there and has raised 3 kids there and she has no complaints but she likes to go over to location - 1 for nightlife	None
2948	location - 2 is a jewish area , as is location - 1 which is right next to it	None
2950	i think location - 1 or even location - 2 are much better	None
2951	if you r willing to move to south west , location - 2 is nice and cheap or location - 1 near location - 2	None
2952	yes the safest parts are location - 1 and location - 2	Positive
2953	you are as likely to get mugged or attacked in location - 1 as in location - 2	Negative
2954	well i ' ve never lived anywhere quite as trendy as location - 2 but i live in location - 1 now which is really friendly and really clean	None
2955	lots of places to go out and easy to get around town from location - 2 and location - 1 are both good	None
2956	location - 2 and location - 1 are great too	None
2957	i ' ve always liked location - 1 and location - 2 meself , hon	None
2958	i reccomend that you look for somewhere in location - 2 or in location - 1	None
2959	location - 1 / location - 2 area is lovely , my brother lives there with his wife and two young children and they ' re very happy	None
295	anywhere around location - 1 and location - 2 , for example , can command extortionate rent	None
2960	location - 2 is nice too , or you could try location - 1 which is about 15 mins from the centre of london	None
2961	location - 2 and location - 1 are supposed to be the best places for turkish food in london , thanks to the large communities now living in these areas	None
2962	i must say though , if you want some really nice south of the thames , check out location - 2 and location - 1	None
2963	you will take either the northern line towards location - 2 or the northern line towards location - 1 station	None
2964	location - 1 and location - 2 are the arty areas with lots of bands and night clubs	None
2965	you could try living in towns like location - 2 or location - 1	None
2966	if you scoot across a little way to location - 1 it ' s nice but location - 2 itself is pretty rough	Negative
2967	i was in the location1/location2 area this summer and i thought it looked like a perfect place to live	None
2968	location - 2 is nice family area , location - 1 is also lovely ( it is near hampton court ) you ca n't really pick areas of london that are ` safe '  all the time	None
2969	location - 2 is fine , not much happens there , location - 1 is sw london is better in every conceivable way	None
2970	location - 2 is not well served by the tube , location - 1 has most of the tube stations	None
2971	location2/location1 - very nice area , pretty upmarket and popular with celebrities	None
2972	location - 1 is cheap in places , as is location - 2	None
2973	location - 1 and location - 2 ( where i live ) is a really posh area , there ' s even a tv show on it	None
2974	i would like to live in location - 1 and location - 2	None
2975	based on my research so far , location2/location1 sounds like a nice place to live ( value for money , reasonably safe , some bars and cafes )	Positive
2976	location - 2 / location - 1 has many dance bars , virtually one after another up upper street and essex road	None
2977	the chinese lived mostly in location - 1 in those days they , congregate in location - 2 , which used to be the stronghold of the italians	None
2978	i would recommend location - 2 or location - 1	None
2979	i would say somewhere like location - 1 or location - 2	None
2980	you should live in location - 1 or live in location - 2	None
2981	or you could live somewhere which is up and coming like location - 1 or location - 2	None
2982	i think location - 2 and location - 1 are pretty much no-go areas in essex	None
2983	all in all i think either location - 2 or location - 1 are the worst areas i ' ve ever been in the east end of london	None
2984	parts of location - 2 and location - 1 are poor areas and i ' m not willing to go there	None
2985	location - 2 is risky and location - 1 is the place of punk so dont go over there	None
2987	location - 1 , location - 2 fast becoming the hot-spot for aussies and kiwis working in london	None
2988	if you need a less costly place , look at the area around location - 2 on the location - 1	None
2990	location - 2 and location - 1 are better provided with open space and less subject to traffic and airliner noise nuisance	None
2991	i also went to see some flats in cheaper areas such as location - 1 and location - 2 - biggest dumps i ' ve ever seen and very ghetto '  y feel	None
2992	frankly i ' m not a fan of location - 1 - though location - 2 is always a good option , with excellent local schools and wonderful shopping	None
2993	just stay away from location1/location2 lane	None
2994	location - 1 is a good area and so are many parts of location - 2 too	None
2995	even then avoid location - 1 , location - 2	None
2996	location - 2 and location - 1 are the best by far	None
2997	also , as a general rule , location - 1 is the cheapest area , followed closely by location - 2	None
2999	i would suggest looking at the area around location - 2 or location - 1	None
3000	as a general rule , avoid certain areas of south london such as location - 1 and the location - 2 complex , which have bad reputations for drugs and gun crime	Negative
3001	well location - 1 is more in the centre of things , and nearer to the middle of london , as location - 2 is quite far intp south london	None
3002	try searching in location - 1 or location - 2	None
3003	my fav ' s are location - 1 , location - 2	None
3004	if you want cheaper head more over towards location - 2 or location - 1 is cheaper again and would be more convenient travel-wise for the london	None
3005	just stay away from location1/location2/	None
3006	location - 2 where most houses have gardens and you are close to green spaces like location - 1	None
3007	from location - 2 and location - 1 , the central line will whisk you straight to chancery lane in around 30-40 minutes	None
3008	location - 2 and location - 1 in my opinion are the areas you need to be careful in	Negative
3009	location - 2 and location - 1 are both good	None
3010	the most dangerous areas of london - places like location - 2 , location - 1 have a very low muslim population	Negative
3011	personally , i ' m not much of a fan of location - 2 but i do occasionally go to location - 1 to shop	None
301	do n't live in the east end going to the location - 2 match on saturday to see sheff wed ' s , we do n't like drinking too near the ground so are looking at going to location - 1 for a session	None
305	yes , location - 1 is in kent and it is part of the london metropolitan area london borough in greater london postal address only kent not kent proper no more than location - 2 is in surrey proper exists in greater manchester too wigan and bolton , bury etc put lancashire in postal addresses and stockport and altrincham etc put cheshire , but they are all greater manchester ( metropolitan boroughs of wigan , bolton , bury stockport , trafford ) none are parts of the administrative counties with those names i have to disagree with another answerer	None
326	a great place location - 1 middx is not in london and is only a postal name as location - 2 is now surrey -	None
334	north west : location - 1 location - 2 wembley x	None
33	then it ' s a journey between zones 2 and 3 . if travel between location - 1 and location - 2 ( z4 )	None
341	what you are asking for does n't exist london is expensive , location - 1 especially so if you are choosing between only those two areas in london , then i would recommend location - 2 , it is better in my opinion , hence it is more expensive i think	None
343	location - 1 is the most depressing bit and there are some very big estates towards location - 2	None
345	location - 1 , location - 2 i am wondering if you think you know me	None
347	location - 1 is an up and coming place , quite expensive and is not in the rough part of the location - 2	None
352	i stayed at the one in location - 1 because it was on the tube line from location - 2	None
353	there are loads of parks , bishops parks , location - 1 palace gardens , eel brook common , parsons green , location - 2 and hurlingham park	None
359	location - 2 got the location - 1 there which is great for shopping	None
366	location - 1 is probably the roughest area of location - 2	None
372	go to location - 1 i think that great care has been taken in location - 2 to preserve parks and green areas	None
375	another option may be , location - 2 which is located in location - 1 and is an area with a real village feel to it	None
377	from north location - 1 to location - 2 ( also the london ) it ' s 16 minutes by train	None
392	enjoy your stay and enjoy location - 2 and location - 1	None
397	i would prob have to say that location - 1 is nicer - location - 2 is too boxy	None
403	i was thinking about going to find a flat to share in the location - 2 , location1t	None
409	location - 1 is more leafy suburb - very nice and possibly a bit cheaper then location - 2 but only about 10 mins away by train	None
411	i do n't know much about location - 2 or location - 1	None
412	london in general includes areas like location - 2 and location - 1	None
423	from location - 2 to location - 1 catch the x26 bus	None
434	it is situated just to the north of the a4 ' above '  location - 1 and just to the south of the m4 ' below '  location - 2 service area	None
437	i ' ve heard location - 1 in location - 2 is n't bad either	None
441	location - 1 has one of the best shopping centres in location - 2 so around there might suit	None
456	location - 2 , location - 1 boroughs in london are very large and all have a variety of areas in them so it is hard to generalise	None
457	good luck location - 2 n12 is nice location - 1 ( e17 ) - good transport links	None
460	however , location - 1 is far away from central london compared to location - 2 ( lsb )	None
463	i would feel less safe walking around location - 1 at night than i do elsewhere in lb of location - 2 , relatively-speaking	None
466	i have a friend that lives in a small place called location - 1 and it comes under location - 2	None
476	it is where most of the landmarks are located : big ben , houses of parliament , buckingham palace etc it also contains the main shopping areas of oxford and regent streets and the main financial district `` the london ' ' ( there is another one at location - 2 in location - 1 )	None
485	i have n't been to location - 2 or location - 1 so ca n't compare directly	None
4	sometimes i have called my sister at lunch time , and it ' s raining in location - 1 , but not in location - 2	None
503	living in the london , close to location - 2 or the top of location - 1 road is very safe	None
507	location - 1 which covers a number of areas close to location - 2 has seen ( in my mind ) a huge social decline	None
511	orbital comics in location - 1 road location - 2 , i used to pass it every day any shop with blacked out windows is a good bet wow l'inghilterra _ strabello	None
514	you can read more about it here : location - 1 its quiet , has a park and its just such a great place to live its in the location - 2 area	None
528	we live in location - 1 and sold our 3 bed flat in location - 2 and bought a 5 bed house	None
52	tube : russel square , location - 2 , location - 1 , goodge street come and see our loot	None
532	try parking at one of the piccadilly line stations on your way through location - 1 and getting the tube in , the piccadilly line runs quite late at the weekend , especially on route to location - 2	None
533	i ' m from location - 1 right next to location - 2 and its a pretty good borough , nice restaurants and parks	None
537	prices in location - 2 are on a par with location - 1	None
548	location - 1 is super close to the centre and location - 2 , with great connections and exmouth market	None
554	location - 2 and location - 1 are located on the southwest of london	None
55	the london borough of location - 1 ( pronunciation ( helpinfo ) ) is a london borough of location - 2 , england and forms part of outer london and is one of the 32 london boroughs ( plus the london ) which forms part of greater london	None
561	be aware that main roads like location - 1 road and location - 2 road can be pretty noisy	None
591	bexley is quite good too it depends on the parts of the boroughs : location - 2 : the far south of the borough is nice i e around location - 1 village	None
606	location - 1 is just down the road from location - 2 , theirs always stuff going on at the national theatre and the restaurants along the thames are great for hanging out	None
612	the area we currently live in in location - 2 location - 1 has always been very diverse , but now it has come to a point where english people - that is to say english speaking white people , are literally non-existent in our neighbourhood	None
621	greater london for me is location - 2 and location - 1	None
641	com london gatwick airport has a frequent service to location - 1 ( cheaper than the gatwick express ) ( 32-35 minutes ) london london airport ( restricted routes ) is close to central london and connects into the london travel network via the location - 2 light railway buses may be slightly cheaper for some of these journeys but who wants to sit in traffic for hours after a long flight	None
650	london ( location2/location1/etc ) the going rate right now is about 200 per week	None
667	meanwhile here ' s a bunch of 360-pans of london near location - 2 the fishcotheque : by the railway bridge that goes over to location - 1	None
670	location - 2 and location - 1	None
687	this may sound stupid but whenever i visit a rough part of london such a as location - 2 or location - 1 i really enjoy it there	None
692	if you can afford it move to the location - 1 or location - 2 , lovely little areas , if you are price restricted look at areas north west or west london suburbs that are very nice and you can get into central london fairly quickly , its a bit cheaper to live south of the thames , avoid the east end and some parts of se london	None
695	as someone else said it ' s a football team not an area so your question does n't really make any sense location - 2 on the location - 1 no longer houses many people , it is a business park really	None
70	you have been sadly misinformed about location - 2 at the moment i live in location - 1	None
710	the majority of london ' s outer suburbs are very similar to location - 2 and location - 1	None
723	we have been checking willesdon green , location - 2 road , killburn , location - 1 , w	None
726	location - 1 is in location - 2 and is generally an inner-london borough	None
729	i live in location - 1 in location - 2 and it ' s mainly families here	None
734	use it for the train ticket from location - 1 to location - 2 and other tickets to get 1/3 off	None
739	north : location - 2 , location - 1 , archway these pretty zone 2 suburbs have a village atmosphere , with leafy parks , pubs and fancy restaurants	None
755	i feel safer in location - 1 than i do in location - 2	None
775	location2/ location - 1	None
778	good shops near by in location - 1 ; and very easy access to and from location - 2	None
782	from location - 1 your only a ten minuet drive from location - 2	None
783	if you want posh and near location - 2 , than go for location - 1	None
789	) i , personally , love location - 1 , ( about three miles up the road from location - 2 ) , but again , it ' s quite dear to live down there	None
797	location - 2 , ( location - 1 )	None
7	location - 2 when i was in london in the 1980 ' s , the place to be was in the developing location - 1 area	None
802	location - 2 location - 1	None
804	i do n't know of anything in the immediate area location - 1 , location - 2 , etc so you may have to travel a little	None
811	yes better than most i used to live near location - 2 , location - 1 is one of the better places ,	None
812	i think this is location - 2 , maybe parts of location - 1	None
81	location - 2 , location - 1 , richmond	None
823	location - 1 relatively safe , pleasant , close to the country and a large forest called location - 2	None
829	i think you ' ll find location - 1 has a lot more crimes than location - 2	None
853	location - 1 has a main line train station to location - 2	None
854	there is one in location - 1 called radio days and one in location - 2 ~ i cant reall the name , but it will come to me in the morning so ill come back and edit then , ha ha	None
858	while nh , location - 1 and stokie feel open and villagey , due to trees , parks and squares , a really random place you could try is location - 2	None
863	great i agree with daniel but these sites might be useful for you : think location - 2 gets a raw deal because it ' s close to some dodgy areas like location - 1 , and because it ' s not a well known area , but actually it ' s alright , a bit of a hidden gem in fact	None
866	i am looking around location - 2 , location - 1 , and swiss village	None
87	i ' ve never been to location - 2 , so do n't know about that one location - 1	None
883	i will be working in location - 2 for the first 6 mths then location - 1 there after	None
887	location - 1 sounds promising , only 40 mins to location - 2 station , and house prices are reasonable	None
893	location - 2 is in location - 1	None
898	i live in that neck of the woods a bit further out from location - 1 in zone 3 ( location - 2 )	None
8	look at somewhere like location - 2 which is about half an hour from location - 1 so mabye if you have to travel at the other and and in central london it may take an hour ( without delays )	None
904	someone suggested location - 1 here ' s a link to double rooms available in flatshares north of the river ( including location - 2 ) under 140 .	None
905	i live in location - 2 and my friends live in location - 1	None
908	location - 2 and london are ( or were ) in location - 1	None
90	location - 1 and richmond are probably your best bet location - 2 is not really considered to be a part of london - its address is broley , kent	None
915	we have a budget of around 750k which unfortunately does not get you much in location - 2 or location - 1 ( where we currently rent ) or similar areas in central london	None
921	location - 1 and location - 2 is the area where most houses are for rental	None
924	anywhere north of london is going to be cheap compared to location - 2 i live in location - 1	None
92	there are about a dozen properties within five miles of location - 1 - one of them in location - 2 , as it happens	None
947	both location - 1 and location - 2 like most areas in london are very mixed	None
950	a number of train stations have ben upgraded including location - 2 and location - 1	None
958	we ' re stopping in the holiday inn crowne plaza in location - 2 near location - 1	None
966	for example where i live now used to be covered by ruislip-northwood urban district council , which was merged with location - 2 urban district council to form the london borough of location - 1	None
990	the location - 2 is east london , although confusingly , location - 1 is the west side of central london ,	None
992	places like location - 1 , location - 2	None
994	take a river cruise from location - 2 to location - 1 and back - a bit touristy but i still enjoy doing it and i live here	None
998	at night prostitutes take over location - 1 road , lining the main street with pimps and hookers all the way up to location - 2	None
